name;region;url;rating;number_of_reviews;latitude;longitude;menu_item;price
Restaurace - Hospůdka Bobovka Lipno;Jihočeský;https://www.firmy.cz/detail/13821716-restaurace-hospudka-bobovka-lipno-lipno-nad-vltavou-slupecna.html;4.6;55;48.646700;14.221776;None;None
Restaurace Holenský Dvůr;Jihočeský;https://www.firmy.cz/detail/13499441-restaurace-holensky-dvur-ratibor.html;4.3;28;49.153368;14.882953;None;None
Chatový tábor Malý Ratmírov;Jihočeský;https://www.firmy.cz/detail/13264069-chatovy-tabor-maly-ratmirov-blazejov-maly-ratmirov.html;4.2;39;49.140481;15.116193;None;None
Hospoda U Dračice;Jihočeský;https://www.firmy.cz/detail/13833074-hospoda-u-dracice-suchdol-nad-luznici-frantiskov.html;4.9;74;48.894457;14.937499;None;None
HOSPODA POD HRÁZÍ;Jihočeský;https://www.firmy.cz/detail/13399003-hospoda-pod-hrazi-temelin-lhota-pod-horami.html;5;1;49.182687;14.319426;None;None
Hospoda Sviny;Jihočeský;https://www.firmy.cz/detail/13256758-hospoda-sviny-sviny.html;5;3;49.187193;14.635700;None;None
Hospoda u Vikinga;Jihočeský;https://www.firmy.cz/detail/12988080-hospoda-u-vikinga-vetrni-haslovice.html;4.5;38;48.749645;14.324299;None;None
Věra Sedláčková;Jihočeský;https://www.firmy.cz/detail/13297134-vera-sedlackova-mojne.html;None;None;48.835235;14.408826;None;None
Hospoda U Jandů;Jihočeský;https://www.firmy.cz/detail/13109491-hospoda-u-jandu-nemcice.html;4.5;1;49.031894;14.273077;None;None
Hostinec Na Rozcestí;Jihočeský;https://www.firmy.cz/detail/13747939-hostinec-na-rozcesti-volenice.html;5;1;49.253737;13.747825;None;None
Pivnice U Vousatýho pulitru;Jihočeský;https://www.firmy.cz/detail/13678847-pivnice-u-vousatyho-pulitru-ceske-budejovice-1.html;4.2;31;48.972812;14.472640;None;None
Hostinec Pod Buky;Jihočeský;https://www.firmy.cz/detail/13379482-hostinec-pod-buky-pojbuky.html;5;1;49.497501;14.896178;None;None
Hospoda Na Rynku;Jihočeský;https://www.firmy.cz/detail/13257424-hospoda-na-rynku-dirna.html;4.7;54;49.243147;14.845829;None;None
Hostinec Vícemil;Jihočeský;https://www.firmy.cz/detail/13501407-hostinec-vicemil-vicemil.html;4.5;1;49.263759;14.893560;None;None
Pivní bar Šimi;Jihočeský;https://www.firmy.cz/detail/13273401-pivni-bar-simi-ceske-budejovice-2.html;None;None;48.995099;14.453658;None;None
Hospoda Třebohostice 49;Jihočeský;https://www.firmy.cz/detail/13139801-hospoda-trebohostice-49-trebohostice-zadni-zborovice.html;None;None;49.330877;13.845245;None;None
Klub Šnek;Jihočeský;https://www.firmy.cz/detail/13110928-klub-snek-cesky-krumlov-latran.html;3;2;48.814407;14.317232;None;None
Penzion a Hospoda Na statku;Jihočeský;https://www.firmy.cz/detail/12781746-penzion-a-hospoda-na-statku-hluboka-nad-vltavou-bavorovice.html;4.7;18;49.022802;14.441927;None;None
Hospoda Rataje;Jihočeský;https://www.firmy.cz/detail/13111031-hospoda-rataje-rataje.html;4.6;3;49.349781;14.445260;None;None
Pivnice Spilka;Jihočeský;https://www.firmy.cz/detail/13320431-pivnice-spilka-ostrolovsky-ujezd.html;3.7;2;48.880671;14.600214;None;None
Obecní Hospoda;Jihočeský;https://www.firmy.cz/detail/13114454-obecni-hospoda-rovna.html;None;None;49.286271;13.954036;None;None
Sedelská hospoda;Jihočeský;https://www.firmy.cz/detail/13164160-sedelska-hospoda-cimer-sedlo.html;4.7;26;49.046233;15.036617;None;None
Hospůdka "U Splavu";Jihočeský;https://www.firmy.cz/detail/13000983-hospudka-u-splavu-putim.html;4;20;49.264793;14.117002;None;None
Hospoda U Králů;Jihočeský;https://www.firmy.cz/detail/13865891-hospoda-u-kralu-albrechtice-nad-vltavou.html;None;None;49.256157;14.308287;None;None
Restaurace Pracejovice 21;Jihočeský;https://www.firmy.cz/detail/13117979-restaurace-pracejovice-21-pracejovice.html;5;1;49.258005;13.850166;None;None
Hospoda Předotice 24;Jihočeský;https://www.firmy.cz/detail/13134371-hospoda-predotice-24-predotice.html;None;None;49.364939;14.053514;None;None
Hospůdka NA ŠPEJCHAŘE;Jihočeský;https://www.firmy.cz/detail/13369858-hospudka-na-spejchare-srubec-stara-pohurka.html;4.5;1;48.961130;14.522868;None;None
Hostinec Jindřiš;Jihočeský;https://www.firmy.cz/detail/13683230-hostinec-jindris-rodvinov-jindris.html;4.7;6;49.148974;15.060929;None;None
Hospůdka U Bílků;Jihočeský;https://www.firmy.cz/detail/13111978-hospudka-u-bilku-dolni-pena.html;None;None;49.110327;15.021749;None;None
Pohostinstí U Márů;Jihočeský;https://www.firmy.cz/detail/2160935-pohostinsti-u-maru-kucer.html;4.8;34;49.433647;14.246578;None;None
U Malého jezu;Jihočeský;https://www.firmy.cz/detail/13409017-u-maleho-jezu-ceske-budejovice-7.html;4.6;7;48.960450;14.477492;None;None
Obecní hostinec;Jihočeský;https://www.firmy.cz/detail/13104030-obecni-hostinec-nicov.html;4.5;39;49.124000;13.619917;None;None
Jasánkova Hospůdka;Jihočeský;https://www.firmy.cz/detail/13133927-jasankova-hospudka-vlachovo-brezi.html;None;None;49.080911;13.958760;None;None
Hospůdka Na Hradě;Jihočeský;https://www.firmy.cz/detail/12896033-hospudka-na-hrade-jistebnice.html;4.4;6;49.485774;14.528488;None;None
HOSTINEC NEPLACHOV;Jihočeský;https://www.firmy.cz/detail/13011125-hostinec-neplachov-neplachov.html;5;1;49.130449;14.600208;None;None
Hostinec Pod Kostelem - Bohumilice;Jihočeský;https://www.firmy.cz/detail/13576572-hostinec-pod-kostelem-bohumilice-bohumilice.html;None;None;49.095810;13.817127;None;None
Hospoda Pod kaštanem;Jihočeský;https://www.firmy.cz/detail/13820468-hospoda-pod-kastanem-libnic.html;None;None;49.020149;14.543479;None;None
Milejovická Hospůdka;Jihočeský;https://www.firmy.cz/detail/13121551-milejovicka-hospudka-milejovice.html;4.8;3;49.188078;13.931397;None;None
KLETECKÁ HOSPODA;Jihočeský;https://www.firmy.cz/detail/13359859-kletecka-hospoda-klec.html;4.4;31;49.099280;14.748551;None;None
Hospůdka Na Břeskáči;Jihočeský;https://www.firmy.cz/detail/13124156-hospudka-na-breskaci-jindrichuv-hradec-ii.html;5;1;49.164073;15.008034;None;None
Hospoda Na Horánku;Jihočeský;https://www.firmy.cz/detail/13363968-hospoda-na-horanku-lhenice-tresnovy-ujezdec.html;5;2;48.970365;14.170249;None;None
Restaurace Skočice 15;Jihočeský;https://www.firmy.cz/detail/13123991-restaurace-skocice-15-skocice-lidmovice.html;None;None;49.176539;14.128528;None;None
Občerstvení v kempu TJ Spartak Soběslav;Jihočeský;https://www.firmy.cz/detail/12983246-obcerstveni-v-kempu-tj-spartak-sobeslav-sobeslav.html;4.3;7;49.252588;14.713253;None;None
Hospoda Na kopečku;Jihočeský;https://www.firmy.cz/detail/13117852-hospoda-na-kopecku-jindrichuv-hradec-dolni-radoun.html;5;1;49.200093;15.004027;None;None
Základna bar;Jihočeský;https://www.firmy.cz/detail/13381846-zakladna-bar-blatna.html;3.6;3;49.425901;13.883328;None;None
Hospoda Březnice;Jihočeský;https://www.firmy.cz/detail/13111716-hospoda-breznice-breznice.html;None;None;49.251446;14.514965;None;None
Hospoda u hřiště;Jihočeský;https://www.firmy.cz/detail/13116495-hospoda-u-hriste-horni-plana.html;5;1;48.766900;14.037092;None;None
U Podroužků;Jihočeský;https://www.firmy.cz/detail/13114472-u-podrouzku-plavsko.html;5;1;49.084865;14.900033;None;None
Zábořská hospůdka;Jihočeský;https://www.firmy.cz/detail/13622144-zaborska-hospudka-zabori.html;4.2;3;49.378414;13.826435;None;None
Hospůdka U Jezu;Jihočeský;https://www.firmy.cz/detail/13065267-hospudka-u-jezu-drachov.html;4.8;8;49.227461;14.710228;None;None
Hostinec Malčice 13;Jihočeský;https://www.firmy.cz/detail/13134372-hostinec-malcice-13-predotice-malcice.html;5;1;49.388933;14.046063;None;None
Domanínská Hospoda;Jihočeský;https://www.firmy.cz/detail/13670033-domaninska-hospoda-domanin.html;3.7;18;48.971465;14.741433;None;None
Hostinec New Fitness;Jihočeský;https://www.firmy.cz/detail/13120634-hostinec-new-fitness-dubne-krenovice.html;4.1;9;48.986151;14.359148;None;None
Hostinec Novosedly;Jihočeský;https://www.firmy.cz/detail/13112790-hostinec-novosedly-novosedly.html;5;2;49.262872;13.797500;None;None
Hospůdka Mezimostí;Jihočeský;https://www.firmy.cz/detail/13561740-hospudka-mezimosti-veseli-nad-luznici-ii.html;4.7;5;49.193196;14.714888;None;None
Hospoda U Smrků;Jihočeský;https://www.firmy.cz/detail/13525187-hospoda-u-smrku-dacice-bilkov.html;5;1;49.084829;15.477996;None;None
Hospoda Brožovina;Jihočeský;https://www.firmy.cz/detail/13124201-hospoda-brozovina-busanovice-dolni-nakvasovice.html;None;None;49.099429;13.927492;None;None
Neznašovská hospoda;Jihočeský;https://www.firmy.cz/detail/13261581-neznasovska-hospoda-vsemyslice-neznasov.html;4.7;26;49.231889;14.379172;None;None
Žimutická Hospoda;Jihočeský;https://www.firmy.cz/detail/13662503-zimuticka-hospoda-zimutice.html;4.3;4;49.205934;14.509748;None;None
Hospoda Slaník 57;Jihočeský;https://www.firmy.cz/detail/13133864-hospoda-slanik-57-slanik.html;5;1;49.268007;13.949542;None;None
Hospůdka Na Kovárně;Jihočeský;https://www.firmy.cz/detail/13123187-hospudka-na-kovarne-driten.html;None;None;49.142163;14.345264;None;None
NA TOČNĚ;Jihočeský;https://www.firmy.cz/detail/13203841-na-tocne-polste.html;5;1;49.108214;14.923901;None;None
Pivnice Lípa;Jihočeský;https://www.firmy.cz/detail/13121677-pivnice-lipa-sobeslav-ii.html;5;2;49.257694;14.724430;None;None
Pivnice Kufr;Jihočeský;https://www.firmy.cz/detail/13872890-pivnice-kufr-jindrichuv-hradec-iii.html;None;None;49.140107;15.005566;None;None
Rock - Bar Bar;Jihočeský;https://www.firmy.cz/detail/13113435-rock-bar-bar-husinec.html;None;None;49.052934;13.986778;None;None
Mazelovská hospůdka;Jihočeský;https://www.firmy.cz/detail/13108792-mazelovska-hospudka-mazelov.html;1;1;49.100872;14.616800;None;None
HOSTINEC NA NÁVSI;Jihočeský;https://www.firmy.cz/detail/13925085-hostinec-na-navsi-borovany-hluboka-u-borovan.html;None;None;48.898111;14.681219;None;None
Country Club;Jihočeský;https://www.firmy.cz/detail/13123127-country-club-volyne.html;3.5;1;49.167150;13.888843;None;None
Hostinec Zvláštní škola;Jihočeský;https://www.firmy.cz/detail/12846216-hostinec-zvlastni-skola-vydri.html;5;18;49.093642;14.946176;None;None
Hospoda Borkovice;Jihočeský;https://www.firmy.cz/detail/13267912-hospoda-borkovice-borkovice.html;None;None;49.207664;14.643321;None;None
Kiosek na hřišti;Jihočeský;https://www.firmy.cz/detail/13114389-kiosek-na-hristi-destna.html;3.5;1;49.265357;14.920357;None;None
Hostinec Volenice;Jihočeský;https://www.firmy.cz/detail/13109466-hostinec-volenice-volenice.html;4.5;1;49.251838;13.748674;None;None
Hospoda u Zemanů;Jihočeský;https://www.firmy.cz/detail/13121036-hospoda-u-zemanu-popelin.html;5;22;49.213554;15.186654;None;None
Hospůdka U Jeřábků;Jihočeský;https://www.firmy.cz/detail/13886200-hospudka-u-jerabku-straz-nad-nezarkou-dolni-lhota.html;None;None;49.061772;14.945462;None;None
Hasičská hospoda Protivín-Krč;Jihočeský;https://www.firmy.cz/detail/13333773-hasicska-hospoda-protivin-krc-protivin-krc.html;5;2;49.194950;14.248045;None;None
Hospoda Rodvínov;Jihočeský;https://www.firmy.cz/detail/13136797-hospoda-rodvinov-rodvinov.html;4.8;16;49.169952;15.054099;None;None
Restaurace U Vrby;Jihočeský;https://www.firmy.cz/detail/13650263-restaurace-u-vrby-sezimovo-usti.html;4.3;5;49.380108;14.702528;None;None
Hostinec Stará hospoda;Jihočeský;https://www.firmy.cz/detail/13114701-hostinec-stara-hospoda-dobev-stara-dobev.html;4.7;6;49.295593;14.049343;None;None
Obecní hospoda Chelčice;Jihočeský;https://www.firmy.cz/detail/2226919-obecni-hospoda-chelcice-chelcice.html;None;None;49.120994;14.168731;None;None
Hospoda U Kiewegů;Jihočeský;https://www.firmy.cz/detail/13109843-hospoda-u-kiewegu-libejovice.html;4.8;19;49.114082;14.193128;None;None
Hospoda Šumavská 144;Jihočeský;https://www.firmy.cz/detail/13110309-hospoda-sumavska-144-strakonice-predni-ptakovice.html;4.8;3;49.246766;13.914402;None;None
Restaurace Cehnice 163;Jihočeský;https://www.firmy.cz/detail/13139296-restaurace-cehnice-163-cehnice.html;5;1;49.216136;14.027964;None;None
Hostinec U koblížka;Jihočeský;https://www.firmy.cz/detail/12881030-hostinec-u-koblizka-misovice-pohori.html;4.8;5;49.486098;14.013276;None;None
Hospůdka na terase;Jihočeský;https://www.firmy.cz/detail/2608649-hospudka-na-terase-strakonice.html;3.4;10;49.256749;13.886770;None;None
LAHVÁRNA.CK;Jihočeský;https://www.firmy.cz/detail/13506615-lahvarna-ck-cesky-krumlov-latran.html;4.2;10;48.813386;14.319457;None;None
Mačkovská hospoda;Jihočeský;https://www.firmy.cz/detail/13217637-mackovska-hospoda-mackov.html;None;None;49.402224;13.886564;None;None
Obecní hostinec Jetětice;Jihočeský;https://www.firmy.cz/detail/13887172-obecni-hostinec-jetetice-jetetice.html;None;None;49.384615;14.291970;None;None
Obecní hospoda Radětice;Jihočeský;https://www.firmy.cz/detail/13138249-obecni-hospoda-radetice-radetice.html;None;None;49.319777;14.443142;None;None
Hostinec Lok - Ham;Jihočeský;https://www.firmy.cz/detail/13370456-hostinec-lok-ham-hluboka-nad-vltavou.html;4.8;2;49.054198;14.430841;None;None
Hostinec Dolní Novosedly;Jihočeský;https://www.firmy.cz/detail/13108952-hostinec-dolni-novosedly-dolni-novosedly.html;None;None;49.328981;14.196942;None;None
Hospůdka Na Hřišti;Jihočeský;https://www.firmy.cz/detail/13509866-hospudka-na-hristi-suchdol-nad-luznici.html;4.3;3;48.893431;14.878841;None;None
Hospoda Nahořany;Jihočeský;https://www.firmy.cz/detail/13369420-hospoda-nahorany-cestice-nahorany.html;None;None;49.140725;13.829617;None;None
Pohostinství U Koubů;Jihočeský;https://www.firmy.cz/detail/13115427-pohostinstvi-u-koubu-zalezly.html;4.5;3;49.107536;13.894266;None;None
Hospůdka Pod hrází;Jihočeský;https://www.firmy.cz/detail/13023884-hospudka-pod-hrazi-kovarov.html;4.3;12;49.509274;14.304639;None;None
Hostinec Hvížďalka;Jihočeský;https://www.firmy.cz/detail/13118791-hostinec-hvizdalka-sobeslav-iii.html;3.9;3;49.259952;14.707273;None;None
KAFE - BAR Nová Bystřice;Jihočeský;https://www.firmy.cz/detail/13153692-kafe-bar-nova-bystrice-nova-bystrice.html;3.5;1;49.019548;15.101285;None;None
Hospoda Hroznějovice 46;Jihočeský;https://www.firmy.cz/detail/13114033-hospoda-hroznejovice-46-hluboka-nad-vltavou-hroznejovice.html;None;None;49.150139;14.486735;None;None
Hospůdka u Pepíčka;Jihočeský;https://www.firmy.cz/detail/13108645-hospudka-u-pepicka-sedlec.html;None;None;49.072736;14.287102;None;None
Hajanská hospoda;Jihočeský;https://www.firmy.cz/detail/13860167-hajanska-hospoda-hajany.html;4;1;49.446934;13.834495;None;None
Hostinec u Miluny;Jihočeský;https://www.firmy.cz/detail/13624094-hostinec-u-miluny-hostice.html;3.4;74;49.192975;13.908288;None;None
Plavecká Hospůdka;Jihočeský;https://www.firmy.cz/detail/13119066-plavecka-hospudka-plavsko.html;None;None;49.084636;14.904272;None;None
Zbytinská hospůdka;Jihočeský;https://www.firmy.cz/detail/13501215-zbytinska-hospudka-zbytiny.html;4.7;15;48.942844;13.978494;None;None
Vacovická hospoda;Jihočeský;https://www.firmy.cz/detail/13121513-vacovicka-hospoda-vacovice.html;5;3;49.142004;13.782202;None;None
Pivnice Platan;Jihočeský;https://www.firmy.cz/detail/2235236-pivnice-platan-pisek-prazske-predmesti.html;4.8;4;49.312856;14.143182;None;None
Kateryna Tukalevska;Jihočeský;https://www.firmy.cz/detail/13136361-kateryna-tukalevska-blazejov.html;5;1;49.140821;15.095294;None;None
Pivovar Balík;Jihočeský;https://www.firmy.cz/detail/13499438-pivovar-balik-sebirov-vosna.html;4.9;24;49.583853;14.805880;None;None
Šenk u Hájků;Jihočeský;https://www.firmy.cz/detail/13115387-senk-u-hajku-ceske-budejovice-2.html;5;9;48.997378;14.449324;None;None
Hospoda na Hřišti;Jihočeský;https://www.firmy.cz/detail/13707797-hospoda-na-hristi-dub.html;5;1;49.105494;14.016029;None;None
Hospoda U Mikšálů;Jihočeský;https://www.firmy.cz/detail/13130608-hospoda-u-miksalu-locenice-nesmen.html;5;1;48.806000;14.549912;None;None
Sportklub sokolovna;Jihočeský;https://www.firmy.cz/detail/13119255-sportklub-sokolovna-zliv.html;5;3;49.066508;14.370028;None;None
Hospoda U Fida;Jihočeský;https://www.firmy.cz/detail/1347214-hospoda-u-fida-trebetice.html;None;None;49.047835;15.521404;None;None
Na Kovárně;Jihočeský;https://www.firmy.cz/detail/13134816-na-kovarne-ckyne.html;None;None;49.114416;13.826639;None;None
Pivnice Výměník;Jihočeský;https://www.firmy.cz/detail/13381849-pivnice-vymenik-pisek-budejovicke-predmesti.html;3.6;5;49.300345;14.149600;None;None
Hospůdka Kameňák;Jihočeský;https://www.firmy.cz/detail/13078857-hospudka-kamenak-horni-plana.html;4.3;2;48.770239;14.035763;None;None
Žíznivá Gumovka;Jihočeský;https://www.firmy.cz/detail/13227416-zizniva-gumovka-ceske-budejovice-1.html;4.7;27;48.977366;14.471728;None;None
Truskovická hospoda;Jihočeský;https://www.firmy.cz/detail/13278194-truskovicka-hospoda-truskovice.html;5;4;49.102992;14.161443;None;None
Hostinec U Jandů;Jihočeský;https://www.firmy.cz/detail/13676807-hostinec-u-jandu-nadejkov.html;None;None;49.502614;14.479407;None;None
Hospůdka Na Návsi;Jihočeský;https://www.firmy.cz/detail/12916576-hospudka-na-navsi-zablati.html;5;2;49.106867;14.686019;None;None
Hospůdka Třebeč;Jihočeský;https://www.firmy.cz/detail/13134770-hospudka-trebec-borovany-trebec.html;None;None;48.872902;14.677370;None;None
Řepečská Hospůdka;Jihočeský;https://www.firmy.cz/detail/13000488-repecska-hospudka-repec.html;2;1;49.403508;14.519115;None;None
Stropnická hospoda;Jihočeský;https://www.firmy.cz/detail/2203351-stropnicka-hospoda-horni-stropnice.html;4.5;40;48.761260;14.736270;None;None
Hospoda u Jiroušků;Jihočeský;https://www.firmy.cz/detail/13668575-hospoda-u-jirousku-nova-bystrice-alber.html;4.8;7;49.026846;15.132501;None;None
Club Sauna;Jihočeský;https://www.firmy.cz/detail/13137114-club-sauna-plana-nad-luznici.html;None;None;49.347620;14.705590;None;None
Hospůdka Na Letišti;Jihočeský;https://www.firmy.cz/detail/13382947-hospudka-na-letisti-strakonice-ii.html;4.8;6;49.255621;13.892751;None;None
Hospoda pod Kostelem;Jihočeský;https://www.firmy.cz/detail/13297872-hospoda-pod-kostelem-jarosov-nad-nezarkou.html;4.7;81;49.188569;15.064624;None;None
Hostinec U Čižinských;Jihočeský;https://www.firmy.cz/detail/2236048-hostinec-u-cizinskych-chysky.html;4.6;6;49.522516;14.427068;None;None
Hospoda U Tří lišek;Jihočeský;https://www.firmy.cz/detail/13144407-hospoda-u-tri-lisek-vetrni.html;4.5;1;48.775539;14.289896;None;None
Hospoda U Kostela;Jihočeský;https://www.firmy.cz/detail/2073140-hospoda-u-kostela-svaty-jan-nad-malsi.html;4.3;20;48.823882;14.509535;None;None
Hospoda sídliště Vajgar 673;Jihočeský;https://www.firmy.cz/detail/13120908-hospoda-sidliste-vajgar-673-jindrichuv-hradec-iii.html;1;1;49.142373;15.022610;None;None
Hospoda Palackého 11;Jihočeský;https://www.firmy.cz/detail/13114086-hospoda-palackeho-11-vimperk-ii.html;None;None;49.059924;13.779950;None;None
Hostinec Mníšek;Jihočeský;https://www.firmy.cz/detail/13585101-hostinec-mnisek-stribrec-mnisek.html;5;3;49.030077;14.913065;None;None
Hospoda Pěčnov 3;Jihočeský;https://www.firmy.cz/detail/13108382-hospoda-pecnov-3-pecnov.html;None;None;49.053336;13.942320;None;None
Hospoda Lhenice;Jihočeský;https://www.firmy.cz/detail/13128728-hospoda-lhenice-lhenice.html;None;None;48.993644;14.151202;None;None
Tuan Nguyen Ba;Jihočeský;https://www.firmy.cz/detail/13139814-tuan-nguyen-ba-kamenna.html;4;1;48.779526;14.670763;None;None
Zbudovská hospůdka;Jihočeský;https://www.firmy.cz/detail/13115423-zbudovska-hospudka-divcice-zbudov.html;5;1;49.093110;14.310965;None;None
Probulovská hospoda;Jihočeský;https://www.firmy.cz/detail/13141412-probulovska-hospoda-probulov.html;4.5;1;49.492735;14.145022;None;None
U Feny;Jihočeský;https://www.firmy.cz/detail/13505700-u-feny-ratiborske-hory.html;5;5;49.460513;14.772154;None;None
Hospůdka Omlenička;Jihočeský;https://www.firmy.cz/detail/13894273-hospudka-omlenicka-omlenice-omlenicka.html;None;None;48.736046;14.441661;None;None
Candys bar;Jihočeský;https://www.firmy.cz/detail/13825484-candys-bar-sezimovo-usti.html;None;None;49.376039;14.708489;None;None
Smržovská hospoda;Jihočeský;https://www.firmy.cz/detail/13212255-smrzovska-hospoda-smrzov.html;4.8;131;49.076822;14.686412;None;None
Radimovická hospůdka;Jihočeský;https://www.firmy.cz/detail/13838387-radimovicka-hospudka-radimovice-u-zelce.html;None;None;49.377964;14.650427;None;None
Hospoda Droužetice;Jihočeský;https://www.firmy.cz/detail/13110991-hospoda-drouzetice-drouzetice.html;None;None;49.288377;13.897983;None;None
Michal Silvestr;Jihočeský;https://www.firmy.cz/detail/13114085-michal-silvestr-budec.html;None;None;49.087509;15.588817;None;None
Dříteňská Hospoda;Jihočeský;https://www.firmy.cz/detail/12899823-dritenska-hospoda-driten.html;5;2;49.142709;14.345786;None;None
BS VISION, s.r.o.;Jihočeský;https://www.firmy.cz/detail/13148517-bs-vision-strmilov.html;None;None;49.160081;15.205042;None;None
Hospoda Vrbno;Jihočeský;https://www.firmy.cz/detail/13149026-hospoda-vrbno-kadov-vrbno.html;4.5;4;49.403399;13.808246;None;None
Hospůdka ve Slunečnici;Jihočeský;https://www.firmy.cz/detail/13111736-hospudka-ve-slunecnici-strizovice-vlcice.html;5;15;49.143496;15.145087;None;None
Hostinec Kamenná Lhota;Jihočeský;https://www.firmy.cz/detail/13109492-hostinec-kamenna-lhota-borotin-kamenna-lhota.html;3.6;5;49.506643;14.588747;None;None
Jilemská Hospůdka;Jihočeský;https://www.firmy.cz/detail/13131766-jilemska-hospudka-jilem.html;4.6;9;49.176972;15.272507;None;None
Hospůdka Na Hřišti;Jihočeský;https://www.firmy.cz/detail/13133999-hospudka-na-hristi-pisek-hradiste.html;5;3;49.299837;14.124894;None;None
U Hudečků;Jihočeský;https://www.firmy.cz/detail/13143057-u-hudecku-stachy.html;4.2;6;49.085339;13.642461;None;None
Hostinec U Jiřího z Poděbrad;Jihočeský;https://www.firmy.cz/detail/13334338-hostinec-u-jiriho-z-podebrad-pisek-budejovicke-predmesti.html;5;2;49.308334;14.156099;None;None
Country hospůdka "U šesti strun";Jihočeský;https://www.firmy.cz/detail/13098995-country-hospudka-u-sesti-strun-pisek-vnitrni-mesto.html;4.7;7;49.308379;14.150428;None;None
Hospoda u Korittů;Jihočeský;https://www.firmy.cz/detail/13133979-hospoda-u-korittu-vodnany-radcice.html;5;5;49.161412;14.199092;None;None
Hospůdka Libín;Jihočeský;https://www.firmy.cz/detail/13646855-hospudka-libin-libin.html;5;12;48.971318;14.684775;None;None
Češnovická hospoda;Jihočeský;https://www.firmy.cz/detail/12756596-cesnovicka-hospoda-pistin-cesnovice.html;4.6;118;49.033718;14.361428;None;None
Pohostinství Na zahrádce;Jihočeský;https://www.firmy.cz/detail/13112889-pohostinstvi-na-zahradce-bosice.html;5;1;49.088859;13.840582;None;None
Hospoda Příbraz;Jihočeský;https://www.firmy.cz/detail/13487042-hospoda-pribraz-pribraz.html;5;1;49.051373;14.937686;None;None
Restaurace Mladošovice 15;Jihočeský;https://www.firmy.cz/detail/13124197-restaurace-mladosovice-15-mladosovice-petrovice.html;4;1;48.931939;14.686932;None;None
Minipivovar Haďák;Jihočeský;https://www.firmy.cz/detail/13479587-minipivovar-hadak-strakonice-i.html;4.4;7;49.259628;13.904028;None;None
Hospůdka na obci;Jihočeský;https://www.firmy.cz/detail/2292409-hospudka-na-obci-plana.html;5;2;48.943681;14.456042;None;None
Hostinec U Hrachů;Jihočeský;https://www.firmy.cz/detail/13485326-hostinec-u-hrachu-oslov.html;None;None;49.399433;14.211926;None;None
Hospoda U Šutru;Jihočeský;https://www.firmy.cz/detail/13375165-hospoda-u-sutru-kunzak-zvule.html;4.2;13;49.096282;15.239947;None;None
Hostinec U Slámů;Jihočeský;https://www.firmy.cz/detail/12708615-hostinec-u-slamu-horni-skrychov.html;5;9;49.172610;15.028754;None;None
Cehnická hospoda;Jihočeský;https://www.firmy.cz/detail/13692395-cehnicka-hospoda-cehnice.html;3.9;7;49.215877;14.028157;None;None
Hospůdka u Koňky;Jihočeský;https://www.firmy.cz/detail/13907065-hospudka-u-konky-bujanov.html;None;None;48.702133;14.430374;None;None
Holašovická hospoda;Jihočeský;https://www.firmy.cz/detail/13230783-holasovicka-hospoda-jankov-holasovice.html;3.8;89;48.969974;14.272033;None;None
Hostinec Hůrky;Jihočeský;https://www.firmy.cz/detail/13676951-hostinec-hurky-lisov-hurky.html;5;1;49.031364;14.637059;None;None
HOSPODA ŘEPICE;Jihočeský;https://www.firmy.cz/detail/13015522-hospoda-repice-repice.html;None;None;49.280734;13.933563;None;None
Hostinec U Báby Lišků;Jihočeský;https://www.firmy.cz/detail/13101578-hostinec-u-baby-lisku-pisek-semice.html;4.8;51;49.291774;14.187697;None;None
Hospoda Chrášťany 116;Jihočeský;https://www.firmy.cz/detail/13134191-hospoda-chrastany-116-chrastany.html;None;None;49.295452;14.387272;None;None
DOUDLEBSKÁ HOSPODA;Jihočeský;https://www.firmy.cz/detail/13010706-doudlebska-hospoda-doudleby-stranany.html;4.7;7;48.891820;14.502656;None;None
Hospoda Myslivna;Jihočeský;https://www.firmy.cz/detail/13367259-hospoda-myslivna-strakonice-drazejov.html;4.6;6;49.262899;13.863180;None;None
Hospoda U Čiláka;Jihočeský;https://www.firmy.cz/detail/13120716-hospoda-u-cilaka-buzice.html;4.7;8;49.423097;13.930880;None;None
Olešnická hospoda;Jihočeský;https://www.firmy.cz/detail/13324448-olesnicka-hospoda-olesnik.html;3;10;49.107087;14.363947;None;None
Hostinec U Karasů;Jihočeský;https://www.firmy.cz/detail/13110826-hostinec-u-karasu-rakovice.html;5;1;49.471596;14.052031;None;None
Hostinec U Nezmara;Jihočeský;https://www.firmy.cz/detail/2198104-hostinec-u-nezmara-ceske-budejovice-2.html;5;3;48.979774;14.456640;None;None
Hostinec u Jitky;Jihočeský;https://www.firmy.cz/detail/2137788-hostinec-u-jitky-rosec.html;4.5;30;49.127464;14.913889;None;None
Hospoda ve struhách;Jihočeský;https://www.firmy.cz/detail/13491878-hospoda-ve-struhach-mlyny.html;5;4;49.337051;14.880001;None;None
Pohostinství Dřešín;Jihočeský;https://www.firmy.cz/detail/13114438-pohostinstvi-dresin-dresin.html;5;5;49.160885;13.775661;None;None
Hospůdka u bazénku;Jihočeský;https://www.firmy.cz/detail/13905598-hospudka-u-bazenku-tabor.html;None;None;49.390757;14.680588;None;None
Mydlovarská Hospoda;Jihočeský;https://www.firmy.cz/detail/13586408-mydlovarska-hospoda-mydlovary.html;5;3;49.092239;14.354624;None;None
U Sedloňů;Jihočeský;https://www.firmy.cz/detail/261552-u-sedlonu-ratiborske-hory.html;5;1;49.462170;14.770106;None;None
Hospoda U Čiláka;Jihočeský;https://www.firmy.cz/detail/13120716-hospoda-u-cilaka-buzice.html;4.7;8;49.423097;13.930880;None;None
Olešnická hospoda;Jihočeský;https://www.firmy.cz/detail/13324448-olesnicka-hospoda-olesnik.html;3;10;49.107087;14.363947;None;None
Hospůdka U Řezníka;Jihočeský;https://www.firmy.cz/detail/13079934-hospudka-u-reznika-chlum-u-trebone.html;3.6;2;48.961466;14.925876;None;None
Obecní hospoda;Jihočeský;https://www.firmy.cz/detail/13675583-obecni-hospoda-cicenice.html;5;1;49.155142;14.230809;None;None
Bošovická hospudka;Jihočeský;https://www.firmy.cz/detail/13343316-bosovicka-hospudka-cizova-bosovice.html;4.4;15;49.350158;14.077089;None;None
Hospoda U Němečků;Jihočeský;https://www.firmy.cz/detail/2596790-hospoda-u-nemecku-stozec-dobra.html;4.6;45;48.894100;13.824167;None;None
Pohostinství U kaštanu;Jihočeský;https://www.firmy.cz/detail/13124185-pohostinstvi-u-kastanu-dobronice-u-bechyne.html;4.9;8;49.342669;14.497559;None;None
Miluše Petrová;Jihočeský;https://www.firmy.cz/detail/13114554-miluse-petrova-radosovice.html;None;None;49.233472;13.898353;None;None
Hostinec Lipenka;Jihočeský;https://www.firmy.cz/detail/2469930-hostinec-lipenka-lipi.html;4.2;6;48.948348;14.352392;None;None
Hospoda U Pasáků;Jihočeský;https://www.firmy.cz/detail/13109675-hospoda-u-pasaku-drazov-zalesi.html;3.6;3;49.164526;13.727809;None;None
Hospoda U Datla;Jihočeský;https://www.firmy.cz/detail/13275814-hospoda-u-datla-blatna.html;4.3;20;49.430535;13.875116;None;None
Antonín Hruška;Jihočeský;https://www.firmy.cz/detail/13108699-antonin-hruska-bernartice-svatkovice.html;3.8;3;49.342819;14.367788;None;None
Zubčická lavina;Jihočeský;https://www.firmy.cz/detail/13119057-zubcicka-lavina-zubcice.html;4.5;2;48.796333;14.405905;None;None
Hospůdka Na Návsi, s.r.o.;Jihočeský;https://www.firmy.cz/detail/13134116-hospudka-na-navsi-sobenov.html;None;None;48.762731;14.546045;None;None
Hospůdka Předmíř;Jihočeský;https://www.firmy.cz/detail/13120080-hospudka-predmir-predmir.html;5;1;49.489399;13.770369;None;None
Hostinec a penzion U Rezků;Jihočeský;https://www.firmy.cz/detail/2612342-hostinec-a-penzion-u-rezku-jistebnice.html;4.4;13;49.486282;14.527655;None;None
Vladimír Lešák;Jihočeský;https://www.firmy.cz/detail/13144723-vladimir-lesak-vacov.html;4;1;49.137969;13.724824;None;None
Obecní hospoda;Jihočeský;https://www.firmy.cz/detail/13675583-obecni-hospoda-cicenice.html;5;1;49.155142;14.230809;None;None
Bošovická hospudka;Jihočeský;https://www.firmy.cz/detail/13343316-bosovicka-hospudka-cizova-bosovice.html;4.4;15;49.350158;14.077089;None;None
Hospoda Lodhéřov;Jihočeský;https://www.firmy.cz/detail/13165207-hospoda-lodherov-lodherov.html;5;3;49.212456;14.963119;None;None
Na Skalce;Jihočeský;https://www.firmy.cz/detail/13117839-na-skalce-drhovle-pametice.html;5;3;49.342026;14.031482;None;None
Hostinec U Kapličky;Jihočeský;https://www.firmy.cz/detail/13109404-hostinec-u-kaplicky-strunkovice-nad-volynkou.html;5;1;49.208730;13.890755;None;None
Hostinec Hlavatce;Jihočeský;https://www.firmy.cz/detail/13547368-hostinec-hlavatce-hlavatce.html;None;None;49.295528;14.621132;None;None
Radostická hospůdka;Jihočeský;https://www.firmy.cz/detail/13328402-radosticka-hospudka-borovany-radostice.html;5;4;48.908431;14.608323;None;None
Hostinec u Lieblů;Jihočeský;https://www.firmy.cz/detail/13247336-hostinec-u-lieblu-kamenny-ujezd.html;4.4;5;48.898326;14.447091;None;None
Penzion Kravín;Jihočeský;https://www.firmy.cz/detail/13258379-penzion-kravin-bosilec.html;4.4;21;49.149323;14.646336;None;None
U Kačaby;Jihočeský;https://www.firmy.cz/detail/13512974-u-kacaby-ktis.html;5;1;48.917426;14.132410;None;None
Hospůdka u Bečků;Jihočeský;https://www.firmy.cz/detail/13458332-hospudka-u-becku-petrikov.html;4.8;12;48.842649;14.754337;None;None
Hospůdka Třebín;Jihočeský;https://www.firmy.cz/detail/13631057-hospudka-trebin-dubne-trebin.html;5;3;48.966619;14.383784;None;None
Řípecká hospoda;Jihočeský;https://www.firmy.cz/detail/13837352-ripecka-hospoda-ripec.html;None;None;49.214021;14.736789;None;None
Rožmberský sklípek;Jihočeský;https://www.firmy.cz/detail/2520229-rozmbersky-sklipek-luznice.html;4.3;50;49.057462;14.753003;None;None
Pláž Ostende u rybníka Svět;Jihočeský;https://www.firmy.cz/detail/13125444-plaz-ostende-u-rybnika-svet-domanin.html;4.4;18;48.994248;14.758622;None;None
Hospoda Vodárenská 262;Jihočeský;https://www.firmy.cz/detail/13141184-hospoda-vodarenska-262-strakonice-drazejov.html;5;1;49.274803;13.886845;None;None
Chmelenská hospoda;Jihočeský;https://www.firmy.cz/detail/13139735-chmelenska-hospoda-kremze-chmelna.html;4.8;23;48.934965;14.280480;None;None
Hospoda U Beránků;Jihočeský;https://www.firmy.cz/detail/13118253-hospoda-u-beranku-turovec.html;2;1;49.377141;14.767948;None;None
Snack - Drahuše Mikolášková;Jihočeský;https://www.firmy.cz/detail/2455236-snack-drahuse-mikolaskova-belcice.html;3;5;49.502303;13.875800;None;None
Slavečská hospoda;Jihočeský;https://www.firmy.cz/detail/13671422-slavecska-hospoda-slavce.html;None;None;48.798141;14.614593;None;None
Hospoda Na Kopci Zvěrotice;Jihočeský;https://www.firmy.cz/detail/13103458-hospoda-na-kopci-zverotice-zverotice.html;4;1;49.270512;14.745812;None;None
Chrášťovická hospoda;Jihočeský;https://www.firmy.cz/detail/13111707-chrastovicka-hospoda-chrastovice.html;5;1;49.333180;13.896890;None;None
Hostinec Selský dvůr;Jihočeský;https://www.firmy.cz/detail/13741464-hostinec-selsky-dvur-cizkrajov.html;4.5;1;49.030642;15.390411;None;None
Hospůdka U krokodýla;Jihočeský;https://www.firmy.cz/detail/13056912-hospudka-u-krokodyla-borovany-dvorec.html;2.3;5;48.873072;14.654671;None;None
Miroslav Madej;Jihočeský;https://www.firmy.cz/detail/13111417-miroslav-madej-horice-na-sumave.html;2.5;3;48.765948;14.177471;None;None
Hostinec pod Ločenickým vrchem;Jihočeský;https://www.firmy.cz/detail/12981847-hostinec-pod-locenickym-vrchem-locenice.html;2.8;3;48.823144;14.527491;None;None
Skočická hospoda;Jihočeský;https://www.firmy.cz/detail/13517063-skocicka-hospoda-skocice.html;5;1;49.185842;14.104943;None;None
Hostinec U Kostela;Jihočeský;https://www.firmy.cz/detail/334504-hostinec-u-kostela-ceske-velenice.html;4.4;25;48.769071;14.965647;None;None
Hostinec Na Návsi;Jihočeský;https://www.firmy.cz/detail/13606664-hostinec-na-navsi-strazkovice.html;4.3;6;48.898870;14.568427;None;None
Hospoda Zlukov (Zlukovská hospoda);Jihočeský;https://www.firmy.cz/detail/13842695-hospoda-zlukov-zlukovska-hospoda-zlukov.html;5;2;49.192765;14.745175;None;None
Hospoda U Hřiště;Jihočeský;https://www.firmy.cz/detail/13142277-hospoda-u-hriste-lisov.html;None;None;49.022490;14.615705;None;None
Hospoda U Koubů;Jihočeský;https://www.firmy.cz/detail/13109530-hospoda-u-koubu-borsov-nad-vltavou-jamne.html;4.7;10;48.905759;14.402983;None;None
Hostinec U Balounů;Jihočeský;https://www.firmy.cz/detail/13110922-hostinec-u-balounu-cejetice-mladejovice.html;5;1;49.229681;14.049067;None;None
KD Heřmaň;Jihočeský;https://www.firmy.cz/detail/623849-kd-herman-herman.html;4.3;6;49.234406;14.131216;None;None
Hospůdka U klauna;Jihočeský;https://www.firmy.cz/detail/13810706-hospudka-u-klauna-ceske-budejovice-5.html;5;1;48.968901;14.498225;None;None
Hospůdka U Růženky;Jihočeský;https://www.firmy.cz/detail/13134431-hospudka-u-ruzenky-vimperk-vyskovice.html;4.5;1;49.088043;13.781693;None;None
Hostinec u Koryta;Jihočeský;https://www.firmy.cz/detail/13148986-hostinec-u-koryta-svata-mari.html;None;None;49.064032;13.830814;None;None
Hospůdka u Říhů;Jihočeský;https://www.firmy.cz/detail/13108957-hospudka-u-rihu-ceske-budejovice-5.html;2.5;1;48.958387;14.557062;None;None
Hospoda Na kopečku;Jihočeský;https://www.firmy.cz/detail/13730322-hospoda-na-kopecku-olesnice.html;4.5;13;48.841208;14.704983;None;None
Restaurace Temelín 19;Jihočeský;https://www.firmy.cz/detail/13139380-restaurace-temelin-19-temelin-sedlec.html;5;1;49.173797;14.325615;None;None
Hospoda Na statku;Jihočeský;https://www.firmy.cz/detail/2684274-hospoda-na-statku-zahradky-horni-dvorce.html;4.5;35;49.185607;15.241539;None;None
PIVNICE LUŽNICE;Jihočeský;https://www.firmy.cz/detail/13078030-pivnice-luznice-plana-nad-luznici.html;4;1;49.352385;14.703257;None;None
Hospoda V Ofsajdu;Jihočeský;https://www.firmy.cz/detail/13055576-hospoda-v-ofsajdu-cesky-krumlov-latran.html;None;None;48.816193;14.310309;None;None
Czech Deposit, s.r.o.;Jihočeský;https://www.firmy.cz/detail/13132192-czech-deposit-ceske-budejovice-1.html;None;None;48.975280;14.474738;None;None
Nebahovská hospoda;Jihočeský;https://www.firmy.cz/detail/13129687-nebahovska-hospoda-nebahovy.html;5;1;49.005441;14.053315;None;None
Hospoda na hřišti;Jihočeský;https://www.firmy.cz/detail/13795811-hospoda-na-hristi-choustnik.html;5;2;49.332544;14.834610;None;None
Jihočeská Beseda;Jihočeský;https://www.firmy.cz/detail/13381852-jihoceska-beseda-nova-bystrice.html;2;1;49.019139;15.102338;None;None
Klubovna SK "Na hřišti";Jihočeský;https://www.firmy.cz/detail/13849232-klubovna-sk-na-hristi-vcelna.html;None;None;48.918261;14.457571;None;None
Malšínská hospůdka;Jihočeský;https://www.firmy.cz/detail/13120475-malsinska-hospudka-malsin.html;5;1;48.676999;14.288332;None;None
Pivovarská terasa;Jihočeský;https://www.firmy.cz/detail/13879819-pivovarska-terasa-trebon-i.html;4.2;3;49.001914;14.771622;None;None
Hospůdka Dolní Stropnice;Jihočeský;https://www.firmy.cz/detail/13143507-hospudka-dolni-stropnice-rimov-dolni-stropnice.html;4.8;5;48.877558;14.507771;None;None
Pivní bar Na váze;Jihočeský;https://www.firmy.cz/detail/13108945-pivni-bar-na-vaze-jindrichuv-hradec-ii.html;4.3;3;49.148359;15.002496;None;None
Hospoda Na kopečku;Jihočeský;https://www.firmy.cz/detail/13730322-hospoda-na-kopecku-olesnice.html;4.5;13;48.841208;14.704983;None;None
Hospoda Ve Škole;Jihočeský;https://www.firmy.cz/detail/13359769-hospoda-ve-skole-sebirov.html;5;2;49.565808;14.825166;None;None
Medová hospůdka;Jihočeský;https://www.firmy.cz/detail/13211375-medova-hospudka-chlum-u-trebone-mirochov.html;4.9;187;49.005970;14.938152;None;None
Pohostinství Chvalešovice;Jihočeský;https://www.firmy.cz/detail/13510823-pohostinstvi-chvalesovice-driten-chvalesovice.html;None;None;49.163403;14.305046;None;None
Horácká hospůdka;Jihočeský;https://www.firmy.cz/detail/13138687-horacka-hospudka-vsemyslice-vsetec.html;5;2;49.229377;14.327359;None;None
Hospoda Staďák;Jihočeský;https://www.firmy.cz/detail/12712806-hospoda-stadak-blatna.html;3.1;2;49.426476;13.878553;None;None
Zábořská hospoda;Jihočeský;https://www.firmy.cz/detail/13661162-zaborska-hospoda-zabori.html;4.9;14;48.990075;14.264703;None;None
Hostinec u Tomášků;Jihočeský;https://www.firmy.cz/detail/13514306-hostinec-u-tomasku-jilovice.html;3.4;5;48.890135;14.726241;None;None
Výčep Pod Skalou;Jihočeský;https://www.firmy.cz/detail/12983785-vycep-pod-skalou-bechyne.html;4.6;31;49.292101;14.469147;None;None
West bar;Jihočeský;https://www.firmy.cz/detail/13118785-west-bar-pisek-vaclavske-predmesti.html;5;1;49.308043;14.132113;None;None
Hostinec Přeseka;Jihočeský;https://www.firmy.cz/detail/13620947-hostinec-preseka-trebon-preseka.html;3.8;16;49.040844;14.731419;None;None
Hostinec U Stehlíků;Jihočeský;https://www.firmy.cz/detail/13065841-hostinec-u-stehliku-borovany-hluboka-u-borovan.html;5;5;48.900341;14.680610;None;None
Radikovaný hostinec U Roubalů;Jihočeský;https://www.firmy.cz/detail/12993898-radikovany-hostinec-u-roubalu-horni-porici-dolni-porici.html;5;6;49.285262;13.793871;None;None
Hostinec U kolejí;Jihočeský;https://www.firmy.cz/detail/13143491-hostinec-u-koleji-velesin.html;5;1;48.821748;14.433241;None;None
Hospoda U Rumcajse;Jihočeský;https://www.firmy.cz/detail/673218-hospoda-u-rumcajse-cesky-krumlov-vysny.html;5;1;48.833245;14.299726;None;None
Penzion Český Heršlák;Jihočeský;https://www.firmy.cz/detail/13787537-penzion-cesky-herslak-horni-dvoriste-cesky-herslak.html;4.6;30;48.598748;14.420359;None;None
Kralovická hospoda;Jihočeský;https://www.firmy.cz/detail/13119199-kralovicka-hospoda-nebahovy-kralovice.html;None;None;49.007690;14.090104;None;None
Hospoda Kačlehy;Jihočeský;https://www.firmy.cz/detail/13257807-hospoda-kaclehy-kaclehy.html;5;109;49.107460;15.077045;None;None
Hospůdka Kožlí;Jihočeský;https://www.firmy.cz/detail/13112669-hospudka-kozli-predotice-kozli-u-cizove.html;5;1;49.369253;14.018466;None;None
Hospoda u rybníka;Jihočeský;https://www.firmy.cz/detail/12983962-hospoda-u-rybnika-borovany.html;5;1;49.343745;14.391260;None;None
KD Zliv;Jihočeský;https://www.firmy.cz/detail/13849211-kd-zliv-zliv.html;3.5;2;49.064448;14.367818;None;None
Hostinec u Jana Žižky;Jihočeský;https://www.firmy.cz/detail/13114465-hostinec-u-jana-zizky-cejetice-sudomer.html;4.6;26;49.250126;14.050962;None;None
Hospoda Komárov 20;Jihočeský;https://www.firmy.cz/detail/13123446-hospoda-komarov-20-komarov.html;None;None;49.251180;14.594818;None;None
Hospoda U Kaštanu;Jihočeský;https://www.firmy.cz/detail/2255008-hospoda-u-kastanu-kovarov-predborice.html;5;2;49.547353;14.272939;None;None
Mahoušská hospoda;Jihočeský;https://www.firmy.cz/detail/13115137-mahousska-hospoda-mahous.html;None;None;49.047864;14.257594;None;None
Klub U Labužníka;Jihočeský;https://www.firmy.cz/detail/13135335-klub-u-labuznika-ceske-budejovice-2.html;None;None;48.986002;14.435415;None;None
Hospůdka pod Věncem;Jihočeský;https://www.firmy.cz/detail/13189547-hospudka-pod-vencem-lcovice.html;5;3;49.110016;13.861824;None;None
Jaroslava Latislavová - Hospoda;Jihočeský;https://www.firmy.cz/detail/13111739-jaroslava-latislavova-hospoda-stachy-ubislav.html;4.7;9;49.120745;13.666073;None;None
Hospůdka Na Růžku;Jihočeský;https://www.firmy.cz/detail/13211809-hospudka-na-ruzku-pisek-budejovicke-predmesti.html;3.8;6;49.304990;14.153490;None;None
Hospoda U Hřiště 271;Jihočeský;https://www.firmy.cz/detail/13114127-hospoda-u-hriste-271-tabor-cekanice.html;None;None;49.423223;14.676919;None;None
Hospoda Bělčice;Jihočeský;https://www.firmy.cz/detail/13141773-hospoda-belcice-belcice.html;5;1;49.504812;13.879126;None;None
U Charvátů;Jihočeský;https://www.firmy.cz/detail/13118835-u-charvatu-dvory-nad-luznici.html;4.5;20;48.852522;14.901597;None;None
Hostinec Na Růžku;Jihočeský;https://www.firmy.cz/detail/13099468-hostinec-na-ruzku-dubne.html;4.7;8;48.976661;14.359361;None;None
Hospoda Doubravice 82;Jihočeský;https://www.firmy.cz/detail/13119182-hospoda-doubravice-82-doubravice.html;None;None;49.351203;13.857928;None;None
Hostinec Štampach;Jihočeský;https://www.firmy.cz/detail/13077136-hostinec-stampach-stachy.html;4.4;22;49.102039;13.665849;None;None
Kozlovská hospoda;Jihočeský;https://www.firmy.cz/detail/13485482-kozlovska-hospoda-strelske-hostice-kozlov.html;2.9;19;49.298309;13.748720;None;None
Pivnice a Sportcentrum BOBELOVKA;Jihočeský;https://www.firmy.cz/detail/2604506-pivnice-a-sportcentrum-bobelovka-jindrichuv-hradec-otin.html;5;2;49.148257;15.037109;None;None
Hospoda Konibar;Jihočeský;https://www.firmy.cz/detail/13821017-hospoda-konibar-strelske-hostice.html;None;None;49.298116;13.755195;None;None
Hospůdka U Maxe;Jihočeský;https://www.firmy.cz/detail/13109245-hospudka-u-maxe-jindrichuv-hradec-ii.html;4.4;10;49.145267;15.009216;None;None
Restaurace u mostu;Jihočeský;https://www.firmy.cz/detail/13011653-restaurace-u-mostu-nova-pec-dlouhy-bor.html;3.3;62;48.792111;13.950398;None;None
SNACK BAR;Jihočeský;https://www.firmy.cz/detail/13115476-snack-bar-strakonice-i.html;5;2;49.259529;13.904172;None;None
Hostinec U Kopečků;Jihočeský;https://www.firmy.cz/detail/2223709-hostinec-u-kopecku-sevetin.html;4.1;2;49.100162;14.572364;None;None
Hospoda na hřišti;Jihočeský;https://www.firmy.cz/detail/13827815-hospoda-na-hristi-kunzak.html;None;None;49.118855;15.192005;None;None
Hospůdka na Americe;Jihočeský;https://www.firmy.cz/detail/13010700-hospudka-na-americe-rudolfov.html;4.9;19;48.989216;14.542719;None;None
Hostinec Hrachoviště;Jihočeský;https://www.firmy.cz/detail/12993149-hostinec-hrachoviste-hrachoviste.html;4.9;5;48.928645;14.774396;None;None
Žďárská hospoda;Jihočeský;https://www.firmy.cz/detail/13113551-zdarska-hospoda-zdar.html;4.8;2;49.232893;14.227239;None;None
Hosín 20;Jihočeský;https://www.firmy.cz/detail/13117722-hosin-20-hosin-dobrejovice.html;5;1;49.065624;14.484978;None;None
Hospoda na hřišti;Jihočeský;https://www.firmy.cz/detail/13758334-hospoda-na-hristi-sevetin.html;None;None;49.100587;14.564325;None;None
Hospůdka Frymburk;Jihočeský;https://www.firmy.cz/detail/13030577-hospudka-frymburk-frymburk.html;4;95;48.663026;14.168433;None;None
BOKEM, s.r.o.;Jihočeský;https://www.firmy.cz/detail/13132227-bokem-vetrni.html;None;None;48.775201;14.288986;None;None
HOSPŮDKA NA HŘIŠTI;Jihočeský;https://www.firmy.cz/detail/13011129-hospudka-na-hristi-vitin.html;4.9;3;49.090152;14.542401;None;None
Hostinec Boudy 21;Jihočeský;https://www.firmy.cz/detail/246116-hostinec-boudy-21-boudy.html;5;3;49.449145;14.035791;None;None
Pohostinství Malonty;Jihočeský;https://www.firmy.cz/detail/13113993-pohostinstvi-malonty-malonty.html;3.5;2;48.687190;14.584018;None;None
Restaurace Pod Břízami;Jihočeský;https://www.firmy.cz/detail/13230673-restaurace-pod-brizami-kunzak.html;4;6;49.134754;15.192021;None;None
Hostinec U Zastávky;Jihočeský;https://www.firmy.cz/detail/13722690-hostinec-u-zastavky-protivin.html;4.7;3;49.196628;14.222100;None;None
Pivnice Arabela;Jihočeský;https://www.firmy.cz/detail/2567082-pivnice-arabela-veseli-nad-luznici-ii.html;4;6;49.187598;14.704214;None;None
Žernovická hospoda;Jihočeský;https://www.firmy.cz/detail/13261527-zernovicka-hospoda-zernovice.html;None;None;49.028142;14.036995;None;None
Hostinec a Prodejna u Tomčů;Jihočeský;https://www.firmy.cz/detail/13437297-hostinec-a-prodejna-u-tomcu-krajnicko.html;5;2;49.147617;14.028801;None;None
Hospoda u Pundů;Jihočeský;https://www.firmy.cz/detail/13116990-hospoda-u-pundu-jindrichuv-hradec-horni-zdar.html;5;1;49.112004;14.995263;None;None
Pivnice Na Hrázi;Jihočeský;https://www.firmy.cz/detail/13354808-pivnice-na-hrazi-cesky-krumlov-horni-brana.html;4.9;25;48.807810;14.325824;None;None
U KOLOUŠKŮ;Jihočeský;https://www.firmy.cz/detail/13016203-u-kolousku-val-hamr.html;4.6;29;49.156557;14.765255;None;None
NEPTUN starýho Kamila;Jihočeský;https://www.firmy.cz/detail/13820771-neptun-staryho-kamila-tabor.html;5;2;49.414031;14.673906;None;None
Hostinec Pleše;Jihočeský;https://www.firmy.cz/detail/13302969-hostinec-plese-plese.html;None;None;49.198127;14.820585;None;None
Hospoda Na Rozhrání;Jihočeský;https://www.firmy.cz/detail/13702535-hospoda-na-rozhrani-velka-turna.html;None;None;49.340586;13.957877;None;None
U Nousků;Jihočeský;https://www.firmy.cz/detail/13116841-u-nousku-tabor-klokoty.html;4.5;1;49.418418;14.644565;None;None
Hostinec U Křivánků;Jihočeský;https://www.firmy.cz/detail/13668911-hostinec-u-krivanku-sezimovo-usti.html;5;3;49.385247;14.681289;None;None
Hospůdka u Zdeničky;Jihočeský;https://www.firmy.cz/detail/13283005-hospudka-u-zdenicky-sepekov.html;4.4;7;49.428127;14.418987;None;None
Hospoda pod Kostelem;Jihočeský;https://www.firmy.cz/detail/13108846-hospoda-pod-kostelem-vitejovice.html;5;10;49.046009;14.074358;None;None
Hospůdka před Prdelí;Jihočeský;https://www.firmy.cz/detail/13369596-hospudka-pred-prdeli-rapsach.html;4.4;85;48.887648;14.940712;None;None
Obecní šenk Škola Lčovice;Jihočeský;https://www.firmy.cz/detail/13189543-obecni-senk-skola-lcovice-lcovice.html;None;None;49.116144;13.851225;None;None
Letní hospůdka na hřišti;Jihočeský;https://www.firmy.cz/detail/13775582-letni-hospudka-na-hristi-kosice.html;None;None;49.323362;14.741735;None;None
Pavlína Burešová;Jihočeský;https://www.firmy.cz/detail/324340-pavlina-buresova-horni-radoun.html;5;1;49.256993;15.004289;None;None
Disco Babylon;Jihočeský;https://www.firmy.cz/detail/13139297-disco-babylon-skvoretice.html;None;None;49.402042;13.948410;None;None
Restaurace Na Hřišti Nemanice;Jihočeský;https://www.firmy.cz/detail/13296707-restaurace-na-hristi-nemanice-ceske-budejovice-3.html;3.2;2;49.005827;14.488334;None;None
Zborovská Bumbálka;Jihočeský;https://www.firmy.cz/detail/13849311-zborovska-bumbalka-ledenice-zborov.html;None;None;48.936423;14.564323;None;None
Hostinec Virtova 23;Jihočeský;https://www.firmy.cz/detail/13109406-hostinec-virtova-23-strakonice-virt.html;5;2;49.266260;13.865078;None;None
Zahrada Cep;Jihočeský;https://www.firmy.cz/detail/13858670-zahrada-cep-cep.html;4.5;17;48.918851;14.813471;None;None
Hostinec Paseky;Jihočeský;https://www.firmy.cz/detail/13113599-hostinec-paseky-paseky.html;5;1;49.252474;14.255207;None;None
Hospoda Lázeňská 58;Jihočeský;https://www.firmy.cz/detail/13119738-hospoda-lazenska-58-dobra-voda-u-ceskych-budejovic.html;4.5;1;48.965138;14.528141;None;None
Hostinec U Jeni;Jihočeský;https://www.firmy.cz/detail/2099947-hostinec-u-jeni-buk.html;5;1;49.038699;13.844317;None;None
Hospoda Kocelovice;Jihočeský;https://www.firmy.cz/detail/13111380-hospoda-kocelovice-kocelovice.html;None;None;49.464365;13.825707;None;None
Hospoda Na Vinici;Jihočeský;https://www.firmy.cz/detail/13117372-hospoda-na-vinici-blatna.html;4.2;3;49.434736;13.882379;None;None
Hostinec Korej;Jihočeský;https://www.firmy.cz/detail/13316972-hostinec-korej-vimperk-i.html;4.1;10;49.053118;13.773068;None;None
Přešťovická hospoda;Jihočeský;https://www.firmy.cz/detail/13658010-prestovicka-hospoda-prestovice.html;2.9;3;49.276406;13.970962;None;None
Osvěžovna;Jihočeský;https://www.firmy.cz/detail/13140113-osvezovna-studena-olsany.html;4.1;9;49.135578;15.255335;None;None
Hostinec Budislav;Jihočeský;https://www.firmy.cz/detail/13616063-hostinec-budislav-budislav.html;4.8;5;49.294071;14.837802;None;None
Green pub;Jihočeský;https://www.firmy.cz/detail/12927585-green-pub-pisek-vnitrni-mesto.html;4.1;5;49.309329;14.148834;None;None
Hospoda Vyšetice;Jihočeský;https://www.firmy.cz/detail/13503045-hospoda-vysetice-sebirov-vysetice.html;4.9;11;49.605104;14.772316;None;None
Zbrojnice-pivovarský sklep;Jihočeský;https://www.firmy.cz/detail/12986626-zbrojnice-pivovarsky-sklep-trebon-i.html;5;1;49.002629;14.772291;None;None
Farská louka;Jihočeský;https://www.firmy.cz/detail/13518542-farska-louka-lomnice-nad-luznici.html;4.9;6;49.082922;14.714186;None;None
Pohostinství Lažany;Jihočeský;https://www.firmy.cz/detail/13113777-pohostinstvi-lazany-lazany.html;None;None;49.362981;13.882827;None;None
Mlýn U Dubu;Jihočeský;https://www.firmy.cz/detail/13150409-mlyn-u-dubu-benesov-nad-cernou-dekanske-skaliny.html;4.2;37;48.749290;14.553949;None;None
Hospůdka Pod Bůrkem;Jihočeský;https://www.firmy.cz/detail/13528957-hospudka-pod-burkem-suchdol-nad-luznici-tust.html;3.8;14;48.892657;14.893367;None;None
Pivnice Plzeňka;Jihočeský;https://www.firmy.cz/detail/13153987-pivnice-plzenka-velesin.html;5;2;48.830408;14.458281;None;None
Albrechtická hospoda;Jihočeský;https://www.firmy.cz/detail/13666937-albrechticka-hospoda-albrechtice-nad-vltavou.html;4.6;13;49.255626;14.307717;None;None
hostINNec;Jihočeský;https://www.firmy.cz/detail/12975863-hostinnec-dolni-dvoriste.html;4.6;41;48.656703;14.451833;None;None
Hospoda Mnichov 31;Jihočeský;https://www.firmy.cz/detail/13110810-hospoda-mnichov-31-mnichov.html;None;None;49.302642;13.829470;None;None
Hospůdka Na návsi;Jihočeský;https://www.firmy.cz/detail/13119943-hospudka-na-navsi-hluboka-nad-vltavou-kostelec.html;5;1;49.137431;14.475159;None;None
Hostinec Kloužovice;Jihočeský;https://www.firmy.cz/detail/2593311-hostinec-klouzovice-chynov-klouzovice.html;2.7;3;49.421039;14.801399;None;None
Hospoda Nová Ves;Jihočeský;https://www.firmy.cz/detail/13141740-hospoda-nova-ves-nova-ves.html;None;None;48.949680;14.244415;None;None
Hospůdka Na Kopečku;Jihočeský;https://www.firmy.cz/detail/13007830-hospudka-na-kopecku-zisov.html;None;None;49.198666;14.694572;None;None
Hospoda Hartvíkov 28;Jihočeský;https://www.firmy.cz/detail/13373444-hospoda-hartvikov-28-dolni-horice-hartvikov.html;4.5;1;49.453718;14.865388;None;None
Šalmanovická Hospoda;Jihočeský;https://www.firmy.cz/detail/13109110-salmanovicka-hospoda-jilovice-salmanovice.html;5;2;48.884260;14.773674;None;None
Hostinec U Hrdličků;Jihočeský;https://www.firmy.cz/detail/2362574-hostinec-u-hrdlicku-modra-hurka.html;5;1;49.179486;14.526919;None;None
Hospoda Budějovická 11;Jihočeský;https://www.firmy.cz/detail/13120905-hospoda-budejovicka-11-veseli-nad-luznici-i.html;2.6;4;49.185181;14.698660;None;None
Restaurace Věžovatá Pláně 8;Jihočeský;https://www.firmy.cz/detail/13117992-restaurace-vezovata-plane-8-vezovata-plane.html;5;1;48.776395;14.410191;None;None
Hospoda Velká Turná 59;Jihočeský;https://www.firmy.cz/detail/13121793-hospoda-velka-turna-59-velka-turna.html;3;1;49.349613;13.968390;None;None
